{
  "name": "iron-behaviors",
  "version": "2.0.0",
  "description": "Provides a set of behaviors for the iron elements",
  "private": true,
  "authors": [
    "The Polymer Authors"
  ],
  "repository": {
    "type": "git",
    "url": "git://github.com/PolymerElements/iron-behaviors.git"
  },
  "main": [
    "iron-button-state.html",
    "iron-control-state.html"
  ],
  "license": "http://polymer.github.io/LICENSE.txt",
  "dependencies": {
    "polymer": "Polymer/polymer#1.9 - 2",
    "iron-a11y-keys-behavior": "polymerelements/iron-a11y-keys-behavior#1 - 2"
  },
  "devDependencies": {
    "paper-styles": "polymerelements/paper-styles#1 - 2",
    "paper-input": "polymerelements/paper-input#1 - 2",
    "iron-test-helpers": "polymerelements/iron-test-helpers#1 - 2",
    "iron-component-page": "polymerelements/iron-component-page#1 - 2",
    "web-component-tester": "^6.0.0",
    "webcomponentsjs": "webcomponents/webcomponentsjs#^1.0.0"
  },
  "ignore": [],
  "variants": {
    "1.x": {
      "dependencies": {
        "polymer": "Polymer/polymer#^1.9",
        "iron-a11y-keys-behavior": "polymerelements/iron-a11y-keys-behavior#^1.0.0"
      },
      "devDependencies": {
        "paper-styles": "polymerelements/paper-styles#^1.0.0",
        "paper-input": "polymerelements/paper-input#^1.0.0",
        "iron-test-helpers": "polymerelements/iron-test-helpers#^1.0.0",
        "iron-component-page": "polymerelements/iron-component-page#^1.0.0",
        "webcomponentsjs": "webcomponents/webcomponentsjs#^0.7.0",
        "web-component-tester": "Polymer/web-component-tester#^4.0.0"
      },
      "resolutions": {
        "webcomponentsjs": "^0.7"
      }
    }
  },
  "resolutions": {
    "webcomponentsjs": "^1.0.0"
  },
  "homepage": "https://github.com/PolymerElements/iron-behaviors",
  "_release": "2.0.0",
  "_resolution": {
    "type": "version",
    "tag": "v2.0.0",
    "commit": "409d57bb32d0b5e6c2cc7b68659a393279654b16"
  },
  "_source": "https://github.com/PolymerElements/iron-behaviors.git",
  "_target": "1 - 2",
  "_originalSource": "PolymerElements/iron-behaviors"
}