{
  "name": "iron-a11y-keys-behavior",
  "version": "2.0.1",
  "description": "A behavior that enables keybindings for greater a11y.",
  "keywords": [
    "web-components",
    "web-component",
    "polymer",
    "a11y",
    "input"
  ],
  "authors": [
    "The Polymer Authors"
  ],
  "repository": {
    "type": "git",
    "url": "git://github.com/PolymerElements/iron-a11y-keys-behavior.git"
  },
  "main": "iron-a11y-keys-behavior.html",
  "license": "http://polymer.github.io/LICENSE.txt",
  "dependencies": {
    "polymer": "Polymer/polymer#1.9 - 2"
  },
  "devDependencies": {
    "iron-demo-helpers": "PolymerElements/iron-demo-helpers#1 - 2",
    "iron-component-page": "PolymerElements/iron-component-page#1 - 2",
    "iron-test-helpers": "PolymerElements/iron-test-helpers#1 - 2",
    "test-fixture": "PolymerElements/test-fixture#^3.0.0-rc.1",
    "web-component-tester": "^6.0.0",
    "webcomponentsjs": "webcomponents/webcomponentsjs#^1.0.0"
  },
  "variants": {
    "1.x": {
      "dependencies": {
        "polymer": "Polymer/polymer#^1.9"
      },
      "devDependencies": {
        "iron-demo-helpers": "PolymerElements/iron-demo-helpers#^1.0.0",
        "iron-component-page": "PolymerElements/iron-component-page#^1.0.0",
        "iron-test-helpers": "PolymerElements/iron-test-helpers#^1.0.0",
        "test-fixture": "PolymerElements/test-fixture#^1.0.0",
        "web-component-tester": "^4.0.0",
        "webcomponentsjs": "webcomponents/webcomponentsjs#^0.7.0"
      },
      "resolutions": {
        "webcomponentsjs": "^0.7"
      }
    }
  },
  "ignore": [],
  "resolutions": {
    "webcomponentsjs": "^1.0.0"
  },
  "homepage": "https://github.com/PolymerElements/iron-a11y-keys-behavior",
  "_release": "2.0.1",
  "_resolution": {
    "type": "version",
    "tag": "v2.0.1",
    "commit": "a3f03fc3fb5a0d8e93eaa33c2b6c02c16098b402"
  },
  "_source": "git://github.com/PolymerElements/iron-a11y-keys-behavior.git",
  "_target": "1 - 2",
  "_originalSource": "PolymerElements/iron-a11y-keys-behavior"
}