{
  "name": "fortune-cookie",
  "description": "Element can be used to set and read cookies",
  "version": "2.0.3",
  "homepage": "https://ingressorapidowebcomponents.github.io/components/fortune-cookie",
  "main": "fortune-cookie.html",
  "authors": [
    "Andrew Willard (https://github.com/andrew-silva-movile)"
  ],
  "keywords": [
    "web-components",
    "web-component",
    "polymer",
    "cookie",
    "fortune",
    "storage",
    "localstorage"
  ],
  "dependencies": {
    "polymer": "Polymer/polymer#^1.4.0"
  },
  "devDependencies": {
    "iron-component-page": "PolymerElements/iron-component-page#^1.0.0",
    "iron-demo-helpers": "PolymerElements/iron-demo-helpers#^1.0.0",
    "web-component-tester": "^4.0.0",
    "webcomponentsjs": "webcomponents/webcomponentsjs#^0.7.0"
  },
  "_release": "2.0.3",
  "_resolution": {
    "type": "version",
    "tag": "v2.0.3",
    "commit": "640c15e2f768818e9c7ba22f2071c820b58c1597"
  },
  "_source": "https://github.com/IngressoRapidoWebComponents/fortune-cookie.git",
  "_target": "^2.0.3",
  "_originalSource": "fortune-cookie",
  "_direct": true
}