{
  "name": "iron-iconset-svg",
  "description": "Manages a set of svg icons",
  "version": "2.1.0",
  "keywords": [
    "web-components",
    "polymer",
    "icon"
  ],
  "license": "http://polymer.github.io/LICENSE.txt",
  "private": true,
  "authors": [
    "The Polymer Authors"
  ],
  "repository": {
    "type": "git",
    "url": "git://github.com/PolymerElements/iron-iconset-svg.git"
  },
  "main": "iron-iconset-svg.html",
  "ignore": [],
  "dependencies": {
    "polymer": "Polymer/polymer#1.9 - 2",
    "iron-meta": "PolymerElements/iron-meta#1 - 2"
  },
  "devDependencies": {
    "paper-styles": "PolymerElements/paper-styles#1 - 2",
    "iron-component-page": "polymerelements/iron-component-page#1 - 2",
    "iron-icon": "PolymerElements/iron-icon#1 - 2",
    "promise-polyfill": "polymerlabs/promise-polyfill#1 - 2",
    "webcomponentsjs": "webcomponents/webcomponentsjs#^1.0.0",
    "web-component-tester": "^6.0.0"
  },
  "variants": {
    "1.x": {
      "dependencies": {
        "polymer": "Polymer/polymer#^1.9",
        "iron-meta": "polymerelements/iron-meta#^1.0.0"
      },
      "devDependencies": {
        "paper-styles": "polymerelements/paper-styles#^1.0.2",
        "iron-component-page": "polymerelements/iron-component-page#^1.0.0",
        "iron-icon": "polymerelements/iron-icon#^1.0.0",
        "promise-polyfill": "polymerlabs/promise-polyfill#^1.0.0",
        "webcomponentsjs": "webcomponents/webcomponentsjs#^0.7.0",
        "web-component-tester": "^4.0.0"
      },
      "resolutions": {
        "webcomponentsjs": "^0.7"
      }
    }
  },
  "resolutions": {
    "webcomponentsjs": "^1.0.0"
  },
  "homepage": "https://github.com/PolymerElements/iron-iconset-svg",
  "_release": "2.1.0",
  "_resolution": {
    "type": "version",
    "tag": "v2.1.0",
    "commit": "791acf9d965c7b539b57589769d085a0518e2235"
  },
  "_source": "https://github.com/PolymerElements/iron-iconset-svg.git",
  "_target": "1 - 2",
  "_originalSource": "PolymerElements/iron-iconset-svg"
}